Const,Your Rating,Date Rated,Title,URL,Title Type,IMDb Rating,Runtime (mins),Year,Genres,Num Votes,Release Date,Directors
tt1001508,6,2020-06-07,He's Just Not That Into You,https://www.imdb.com/title/tt1001508/,movie,6.4,129,2009,"Comedy, Drama, Romance",159575,2009-01-24,Ken Kwapis
tt1024648,9,2017-08-25,Argo,https://www.imdb.com/title/tt1024648/,movie,7.7,120,2012,"Biography, Drama, Thriller",562890,2012-08-31,Ben Affleck
tt1034032,6,2020-03-15,Gamer,https://www.imdb.com/title/tt1034032/,movie,5.8,95,2009,"Action, Sci-Fi, Thriller",128696,2009-09-03,"Brian Taylor, Mark Neveldine"
tt10376068,8,2020-03-22,The Unauthorized Bash Brothers Experience,https://www.imdb.com/title/tt10376068/,short,7.0,30,2019,"Short, Comedy, Music, Sport",3947,2019-05-23,"Mike Diva, Akiva Schaffer"
tt1045658,9,2020-07-27,Silver Linings Playbook,https://www.imdb.com/title/tt1045658/,movie,7.7,122,2012,"Comedy, Drama, Romance",650819,2012-09-08,David O. Russell
tt1051906,8,2020-03-22,The Invisible Man,https://www.imdb.com/title/tt1051906/,movie,7.1,124,2020,"Horror, Mystery, Sci-Fi, Thriller",128848,2020-02-24,Leigh Whannell
tt1060277,6,2020-01-25,Cloverfield,https://www.imdb.com/title/tt1060277/,movie,7.0,85,2008,"Action, Adventure, Horror, Mystery, Sci-Fi, Thriller",367431,2008-01-16,Matt Reeves
tt1068680,5,2020-03-22,Yes Man,https://www.imdb.com/title/tt1068680/,movie,6.8,104,2008,"Comedy, Romance",329621,2008-12-09,Peyton Reed
tt0107290,8,2020-04-29,Jurassic Park,https://www.imdb.com/title/tt0107290/,movie,8.1,127,1993,"Action, Adventure, Sci-Fi, Thriller",845213,1993-06-09,Steven Spielberg
tt0109830,10,2020-04-27,Forrest Gump,https://www.imdb.com/title/tt0109830/,movie,8.8,142,1994,"Drama, Romance",1753937,1994-06-23,Robert Zemeckis
tt0110912,9,2019-12-18,Pulp Fiction,https://www.imdb.com/title/tt0110912/,movie,8.9,154,1994,"Crime, Drama",1778787,1994-05-21,Quentin Tarantino
tt0111161,10,2020-04-27,The Shawshank Redemption,https://www.imdb.com/title/tt0111161/,movie,9.3,142,1994,Drama,2277009,1994-09-10,Frank Darabont
tt0111257,8,2018-02-01,Speed,https://www.imdb.com/title/tt0111257/,movie,7.2,116,1994,"Action, Adventure, Thriller",322067,1994-06-07,Jan de Bont
tt1119646,7,2020-07-21,The Hangover,https://www.imdb.com/title/tt1119646/,movie,7.7,100,2009,Comedy,705588,2009-05-30,Todd Phillips
tt1130080,5,2020-01-25,The Informant!,https://www.imdb.com/title/tt1130080/,movie,6.4,108,2009,"Biography, Comedy, Crime, Drama",62307,2009-09-07,Steven Soderbergh
tt1136608,10,2020-04-19,District 9,https://www.imdb.com/title/tt1136608/,movie,7.9,112,2009,"Action, Sci-Fi, Thriller",630035,2009-08-13,Neill Blomkamp
tt0114369,9,2017-07-28,Se7en,https://www.imdb.com/title/tt0114369/,movie,8.6,127,1995,"Crime, Drama, Mystery, Thriller",1400796,1995-09-15,David Fincher
tt1161418,7,2020-03-21,Gentlemen Broncos,https://www.imdb.com/title/tt1161418/,movie,6.2,89,2009,"Adventure, Comedy, Sci-Fi",10773,2009-09-24,Jared Hess
tt0116282,8,2017-08-28,Fargo,https://www.imdb.com/title/tt0116282/,movie,8.1,98,1996,"Crime, Drama, Thriller",600527,1996-03-08,"Joel Coen, Ethan Coen"
tt1182345,7,2020-06-02,Moon,https://www.imdb.com/title/tt1182345/,movie,7.9,97,2009,"Drama, Mystery, Sci-Fi",329665,2009-01-23,Duncan Jones
tt1187043,9,2017-08-28,3 Idiots,https://www.imdb.com/title/tt1187043/,movie,8.4,170,2009,"Comedy, Drama",331804,2009-12-23,Rajkumar Hirani
tt0119217,7,2020-01-25,Good Will Hunting,https://www.imdb.com/title/tt0119217/,movie,8.3,126,1997,"Drama, Romance",836667,1997-12-02,Gus Van Sant
tt1193138,8,2020-04-25,Up in the Air,https://www.imdb.com/title/tt1193138/,movie,7.4,109,2009,"Comedy, Drama, Romance",314143,2009-09-05,Jason Reitman
tt0120382,8,2017-10-18,The Truman Show,https://www.imdb.com/title/tt0120382/,movie,8.1,103,1998,"Comedy, Drama, Sci-Fi",909709,1998-06-01,Peter Weir
tt0120815,8,2020-03-27,Saving Private Ryan,https://www.imdb.com/title/tt0120815/,movie,8.6,169,1998,"Drama, War",1202878,1998-07-21,Steven Spielberg
tt1210166,8,2020-01-27,Moneyball,https://www.imdb.com/title/tt1210166/,movie,7.6,133,2011,"Biography, Drama, Sport",354134,2011-09-09,Bennett Miller
tt1219289,6,2020-01-25,Limitless,https://www.imdb.com/title/tt1219289/,movie,7.4,105,2011,"Sci-Fi, Thriller",518818,2011-03-08,Neil Burger
tt1226229,7,2020-03-22,Get Him to the Greek,https://www.imdb.com/title/tt1226229/,movie,6.4,109,2010,"Comedy, Music",167967,2010-05-25,Nicholas Stoller
tt1231583,4,2020-07-07,Due Date,https://www.imdb.com/title/tt1231583/,movie,6.5,95,2010,"Comedy, Drama",318568,2010-10-31,Todd Phillips
tt1245492,6,2020-03-22,This Is the End,https://www.imdb.com/title/tt1245492/,movie,6.6,107,2013,Comedy,378129,2013-06-03,"Evan Goldberg, Seth Rogen"
tt1245526,6,2020-04-30,RED,https://www.imdb.com/title/tt1245526/,movie,7.0,111,2010,"Action, Comedy, Crime, Thriller",284149,2010-09-29,Robert Schwentke
tt1255919,5,2020-03-22,Holmes & Watson,https://www.imdb.com/title/tt1255919/,movie,3.8,90,2018,"Comedy, Crime, Mystery",28524,2018-12-20,Etan Cohen
tt1270797,5,2020-01-25,Venom,https://www.imdb.com/title/tt1270797/,movie,6.7,112,2018,"Action, Adventure, Sci-Fi, Thriller",341947,2018-10-01,Ruben Fleischer
tt1276104,10,2017-08-22,Looper,https://www.imdb.com/title/tt1276104/,movie,7.4,113,2012,"Action, Drama, Sci-Fi, Thriller",525931,2012-09-06,Rian Johnson
tt0128442,8,2020-04-23,Rounders,https://www.imdb.com/title/tt0128442/,movie,7.3,121,1998,"Crime, Drama",140589,1998-08-25,John Dahl
tt1285016,9,2020-01-11,The Social Network,https://www.imdb.com/title/tt1285016/,movie,7.7,120,2010,"Biography, Drama",608268,2010-09-24,David Fincher
tt1302006,10,2019-11-15,The Irishman,https://www.imdb.com/title/tt1302006/,movie,7.9,209,2019,"Biography, Crime, Drama",303862,2019-09-27,Martin Scorsese
tt1334512,4,2020-03-22,Arthur,https://www.imdb.com/title/tt1334512/,movie,5.7,110,2011,"Comedy, Romance",50327,2011-04-08,Jason Winer
tt0134119,6,2020-04-30,The Talented Mr. Ripley,https://www.imdb.com/title/tt0134119/,movie,7.4,139,1999,"Crime, Drama, Thriller",177929,1999-12-12,Anthony Minghella
tt1343092,8,2020-07-06,The Great Gatsby,https://www.imdb.com/title/tt1343092/,movie,7.2,143,2013,"Drama, Romance",466080,2013-05-01,Baz Luhrmann
tt1345836,9,2017-07-29,The Dark Knight Rises,https://www.imdb.com/title/tt1345836/,movie,8.4,164,2012,"Action, Adventure",1479317,2012-07-16,Christopher Nolan
tt1355644,7,2019-12-19,Passengers,https://www.imdb.com/title/tt1355644/,movie,7.0,116,2016,"Drama, Romance, Sci-Fi, Thriller",340197,2016-12-14,Morten Tyldum
tt1371150,6,2020-01-25,This Is Where I Leave You,https://www.imdb.com/title/tt1371150/,movie,6.6,103,2014,"Comedy, Drama",71328,2014-09-07,Shawn Levy
tt1375666,9,2017-07-28,Inception,https://www.imdb.com/title/tt1375666/,movie,8.8,148,2010,"Action, Adventure, Sci-Fi, Thriller",1999745,2010-07-08,Christopher Nolan
tt1385826,7,2020-01-25,The Adjustment Bureau,https://www.imdb.com/title/tt1385826/,movie,7.0,106,2011,"Romance, Sci-Fi, Thriller",240094,2011-02-14,George Nolfi
tt1386588,8,2019-12-14,The Other Guys,https://www.imdb.com/title/tt1386588/,movie,6.6,107,2010,"Action, Comedy, Crime",237899,2010-08-02,Adam McKay
tt1392214,9,2020-03-22,Prisoners,https://www.imdb.com/title/tt1392214/,movie,8.1,153,2013,"Crime, Drama, Mystery, Thriller",580482,2013-08-30,Denis Villeneuve
tt1408253,5,2020-04-15,Ride Along,https://www.imdb.com/title/tt1408253/,movie,6.2,99,2014,"Action, Comedy, Crime",100431,2014-01-17,Tim Story
tt1470023,6,2020-03-22,MacGruber,https://www.imdb.com/title/tt1470023/,movie,5.5,90,2010,"Action, Comedy",41876,2010-03-15,Jorma Taccone
tt1483013,7,2017-08-10,Oblivion,https://www.imdb.com/title/tt1483013/,movie,7.0,124,2013,"Action, Adventure, Sci-Fi",476644,2013-03-26,Joseph Kosinski
tt1488606,8,2019-03-16,Triple Frontier,https://www.imdb.com/title/tt1488606/,movie,6.4,125,2019,"Action, Adventure, Crime, Drama, Thriller",101773,2019-03-06,J.C. Chandor
tt1489889,5,2020-03-22,Central Intelligence,https://www.imdb.com/title/tt1489889/,movie,6.3,107,2016,"Action, Comedy, Crime",154918,2016-06-10,Rawson Marshall Thurber
tt1502712,3,2020-04-30,Fantastic Four,https://www.imdb.com/title/tt1502712/,movie,4.3,100,2015,"Action, Adventure, Sci-Fi",149089,2015-08-04,"Josh Trank, Stephen E. Rivkin"
tt0151804,9,2017-07-29,Office Space,https://www.imdb.com/title/tt0151804/,movie,7.7,89,1999,Comedy,237600,1999-02-19,Mike Judge
tt1535108,8,2018-03-11,Elysium,https://www.imdb.com/title/tt1535108/,movie,6.6,109,2013,"Action, Drama, Sci-Fi",413659,2013-08-07,Neill Blomkamp
tt1542344,8,2020-05-08,127 Hours,https://www.imdb.com/title/tt1542344/,movie,7.5,94,2010,"Biography, Drama",342143,2010-09-04,Danny Boyle
tt0154506,9,2020-07-20,Following,https://www.imdb.com/title/tt0154506/,movie,7.5,69,1998,"Crime, Mystery, Thriller",84325,1998-04-24,Christopher Nolan
tt1560220,6,2020-01-25,Zombieland: Double Tap,https://www.imdb.com/title/tt1560220/,movie,6.7,99,2019,"Action, Adventure, Comedy, Horror",124333,2019-10-09,Ruben Fleischer
tt1564367,5,2020-06-04,Just Go with It,https://www.imdb.com/title/tt1564367/,movie,6.4,117,2011,"Comedy, Romance",217007,2011-02-08,Dennis Dugan
tt1596363,8,2020-01-30,The Big Short,https://www.imdb.com/title/tt1596363/,movie,7.8,130,2015,"Biography, Comedy, Drama, History",348486,2015-11-12,Adam McKay
tt1598778,9,2020-01-12,Contagion,https://www.imdb.com/title/tt1598778/,movie,6.7,106,2011,"Action, Drama, Thriller",273982,2011-09-03,Steven Soderbergh
tt1605783,6,2020-01-25,Midnight in Paris,https://www.imdb.com/title/tt1605783/,movie,7.7,96,2011,"Comedy, Fantasy, Romance",379834,2011-05-11,Woody Allen
tt1618434,5,2020-01-25,Murder Mystery,https://www.imdb.com/title/tt1618434/,movie,6.0,97,2019,"Action, Comedy, Crime, Mystery, Romance",94712,2019-06-14,Kyle Newacheck
tt1631867,9,2020-05-14,Edge of Tomorrow,https://www.imdb.com/title/tt1631867/,movie,7.9,113,2014,"Action, Adventure, Sci-Fi",585741,2014-05-28,Doug Liman
tt1637688,7,2020-03-29,In Time,https://www.imdb.com/title/tt1637688/,movie,6.7,109,2011,"Action, Sci-Fi, Thriller",363460,2011-10-20,Andrew Niccol
tt1650062,8,2020-01-25,Super 8,https://www.imdb.com/title/tt1650062/,movie,7.0,112,2011,"Action, Adventure, Sci-Fi, Thriller",334256,2011-06-09,J.J. Abrams
tt1659337,7,2020-06-30,The Perks of Being a Wallflower,https://www.imdb.com/title/tt1659337/,movie,8.0,103,2012,"Drama, Romance",451373,2012-09-08,Stephen Chbosky
tt1677720,7,2020-01-25,Ready Player One,https://www.imdb.com/title/tt1677720/,movie,7.5,140,2018,"Action, Adventure, Sci-Fi",353502,2018-03-11,Steven Spielberg
tt1700841,7,2020-03-22,Sausage Party,https://www.imdb.com/title/tt1700841/,movie,6.1,89,2016,"Animation, Adventure, Comedy, Fantasy",171846,2016-03-14,"Conrad Vernon, Greg Tiernan"
tt1706620,4,2020-03-14,Snowpiercer,https://www.imdb.com/title/tt1706620/,movie,7.1,126,2013,"Action, Drama, Sci-Fi",306863,2013-07-29,Bong Joon Ho
tt1711525,5,2020-04-15,Office Christmas Party,https://www.imdb.com/title/tt1711525/,movie,5.8,105,2016,Comedy,66261,2016-12-07,"Will Speck, Josh Gordon"
tt1714206,5,2020-04-29,The Spectacular Now,https://www.imdb.com/title/tt1714206/,movie,7.1,95,2013,"Comedy, Drama, Romance",142011,2013-01-18,James Ponsoldt
tt1723121,5,2020-03-22,We're the Millers,https://www.imdb.com/title/tt1723121/,movie,7.0,110,2013,"Comedy, Crime",395050,2013-08-03,Rawson Marshall Thurber
tt1764234,4,2020-05-19,Killing Them Softly,https://www.imdb.com/title/tt1764234/,movie,6.2,97,2012,"Crime, Drama, Thriller",131172,2012-05-22,Andrew Dominik
tt0177789,6,2020-03-30,Galaxy Quest,https://www.imdb.com/title/tt0177789/,movie,7.3,102,1999,"Adventure, Comedy, Sci-Fi",145963,1999-12-23,Dean Parisot
tt1798709,7,2020-04-23,Her,https://www.imdb.com/title/tt1798709/,movie,8.0,126,2013,"Drama, Romance, Sci-Fi",523456,2013-10-12,Spike Jonze
tt0181689,10,2017-08-31,Minority Report,https://www.imdb.com/title/tt0181689/,movie,7.6,145,2002,"Action, Crime, Mystery, Sci-Fi, Thriller",498551,2002-06-17,Steven Spielberg
tt1817273,7,2020-05-13,The Place Beyond the Pines,https://www.imdb.com/title/tt1817273/,movie,7.3,140,2012,"Crime, Drama, Thriller",241013,2012-09-07,Derek Cianfrance
tt1821694,5,2020-04-23,RED 2,https://www.imdb.com/title/tt1821694/,movie,6.6,116,2013,"Action, Adventure, Comedy, Crime, Thriller",156972,2013-07-18,Dean Parisot
tt1823672,9,2020-04-19,Chappie,https://www.imdb.com/title/tt1823672/,movie,6.8,120,2015,"Action, Crime, Drama, Sci-Fi, Thriller",225908,2015-03-04,Neill Blomkamp
tt1853728,8,2020-05-09,Django Unchained,https://www.imdb.com/title/tt1853728/,movie,8.4,165,2012,"Drama, Western",1316650,2012-12-11,Quentin Tarantino
tt1856101,9,2020-01-25,Blade Runner 2049,https://www.imdb.com/title/tt1856101/,movie,8.0,164,2017,"Action, Drama, Mystery, Sci-Fi, Thriller",440345,2017-10-03,Denis Villeneuve
tt1895587,7,2020-01-25,Spotlight,https://www.imdb.com/title/tt1895587/,movie,8.1,129,2015,"Biography, Crime, Drama",406413,2015-09-03,Tom McCarthy
tt1907668,8,2020-01-11,Flight,https://www.imdb.com/title/tt1907668/,movie,7.3,138,2012,"Drama, Thriller",319711,2012-10-14,Robert Zemeckis
tt1950186,8,2019-12-18,Ford v Ferrari,https://www.imdb.com/title/tt1950186/,movie,8.1,152,2019,"Action, Biography, Drama, Sport",250230,2019-08-30,James Mangold
tt1979320,7,2020-07-10,Rush,https://www.imdb.com/title/tt1979320/,movie,8.1,123,2013,"Action, Biography, Drama, Sport",422622,2013-09-02,Ron Howard
tt1987680,7,2019-08-11,The Upside,https://www.imdb.com/title/tt1987680/,movie,6.9,126,2017,"Comedy, Drama",42721,2017-09-08,Neil Burger
tt2005151,7,2020-02-10,War Dogs,https://www.imdb.com/title/tt2005151/,movie,7.1,114,2016,"Biography, Comedy, Crime, Drama, War",172072,2016-08-03,Todd Phillips
tt2066051,6,2019-06-05,Rocketman,https://www.imdb.com/title/tt2066051/,movie,7.3,121,2019,"Biography, Drama, Music, Musical",124047,2019-05-16,Dexter Fletcher
tt2080374,4,2020-03-15,Steve Jobs,https://www.imdb.com/title/tt2080374/,movie,7.2,122,2015,"Biography, Drama",150395,2015-09-05,Danny Boyle
tt0209144,9,2017-07-28,Memento,https://www.imdb.com/title/tt0209144/,movie,8.4,113,2000,"Mystery, Thriller",1097732,2000-09-05,Christopher Nolan
tt2097307,5,2020-02-05,Hit and Run,https://www.imdb.com/title/tt2097307/,movie,6.1,100,2012,"Action, Comedy",34130,2012-08-02,"David Palmer, Dax Shepard"
tt2101441,3,2020-05-08,Spring Breakers,https://www.imdb.com/title/tt2101441/,movie,5.3,94,2012,"Crime, Drama",133875,2012-09-05,Harmony Korine
tt2132285,5,2020-05-23,The Bling Ring,https://www.imdb.com/title/tt2132285/,movie,5.6,90,2013,"Biography, Crime, Drama",82014,2013-05-16,Sofia Coppola
tt2139881,6,2020-01-25,Long Shot,https://www.imdb.com/title/tt2139881/,movie,6.8,125,2019,"Comedy, Romance",88075,2019-03-09,Jonathan Levine
tt2140479,9,2019-11-29,The Accountant,https://www.imdb.com/title/tt2140479/,movie,7.3,128,2016,"Action, Crime, Drama, Thriller",253259,2016-10-03,Gavin O'Connor
tt2194499,8,2020-07-28,About Time,https://www.imdb.com/title/tt2194499/,movie,7.8,123,2013,"Comedy, Drama, Fantasy, Romance, Sci-Fi",289616,2013-06-27,Richard Curtis
tt2241351,7,2020-01-25,Money Monster,https://www.imdb.com/title/tt2241351/,movie,6.5,98,2016,"Crime, Drama, Thriller",92457,2016-05-12,Jodie Foster
tt2267998,8,2020-01-30,Gone Girl,https://www.imdb.com/title/tt2267998/,movie,8.1,149,2014,"Drama, Mystery, Thriller",832575,2014-09-26,David Fincher
tt2278388,10,2020-07-03,The Grand Budapest Hotel,https://www.imdb.com/title/tt2278388/,movie,8.1,99,2014,"Adventure, Comedy, Crime",687071,2014-02-06,Wes Anderson
tt2283362,8,2018-01-26,Jumanji: Welcome to the Jungle,https://www.imdb.com/title/tt2283362/,movie,6.9,119,2017,"Action, Adventure, Comedy, Fantasy",308270,2017-12-05,Jake Kasdan
tt2316411,4,2020-04-19,Enemy,https://www.imdb.com/title/tt2316411/,movie,6.9,91,2013,"Drama, Mystery, Thriller",161849,2013-09-08,Denis Villeneuve
tt2357129,7,2020-03-16,Jobs,https://www.imdb.com/title/tt2357129/,movie,5.9,128,2013,"Biography, Drama",92606,2013-01-25,Joshua Michael Stern
tt0240772,10,2019-12-06,Ocean's Eleven,https://www.imdb.com/title/tt0240772/,movie,7.7,116,2001,"Crime, Thriller",504149,2001-12-05,Steven Soderbergh
tt2461150,5,2020-01-25,Masterminds,https://www.imdb.com/title/tt2461150/,movie,5.8,95,2016,"Biography, Comedy, Crime",49284,2015-09-03,Jared Hess
tt0246578,9,2017-08-28,Donnie Darko,https://www.imdb.com/title/tt0246578/,movie,8.0,113,2001,"Drama, Mystery, Sci-Fi, Thriller",728095,2001-01-19,Richard Kelly
tt2481498,5,2020-01-25,"Extremely Wicked, Shockingly Evil and Vile",https://www.imdb.com/title/tt2481498/,movie,6.6,110,2019,"Biography, Crime, Drama, Thriller",72895,2019-01-26,Joe Berlinger
tt2543164,9,2020-01-25,Arrival,https://www.imdb.com/title/tt2543164/,movie,7.9,116,2016,"Drama, Mystery, Sci-Fi, Thriller",575071,2016-09-01,Denis Villeneuve
tt2548396,4,2020-04-15,The Cloverfield Paradox,https://www.imdb.com/title/tt2548396/,movie,5.5,102,2018,"Action, Adventure, Horror, Sci-Fi, Thriller",92598,2018-02-04,Julius Onah
tt2561572,7,2020-03-22,Get Hard,https://www.imdb.com/title/tt2561572/,movie,6.0,100,2015,"Comedy, Crime",120140,2015-03-16,Etan Cohen
tt2562232,10,2020-04-23,Birdman or (The Unexpected Virtue of Ignorance),https://www.imdb.com/title/tt2562232/,movie,7.7,119,2014,"Comedy, Drama",566052,2014-08-27,Alejandro G. Iñárritu
tt0257044,8,2020-06-01,Road to Perdition,https://www.imdb.com/title/tt0257044/,movie,7.7,117,2002,"Crime, Drama, Thriller",242316,2002-07-09,Sam Mendes
tt2582782,8,2017-09-08,Hell or High Water,https://www.imdb.com/title/tt2582782/,movie,7.6,102,2016,"Action, Crime, Drama, Thriller, Western",198060,2016-05-16,David Mackenzie
tt2582846,7,2020-06-30,The Fault in Our Stars,https://www.imdb.com/title/tt2582846/,movie,7.7,126,2014,"Drama, Romance",336876,2014-05-16,Josh Boone
tt2584384,8,2019-11-07,Jojo Rabbit,https://www.imdb.com/title/tt2584384/,movie,7.9,108,2019,"Comedy, Drama, War",251772,2019-09-08,Taika Waititi
tt2704998,8,2019-03-26,Game Night,https://www.imdb.com/title/tt2704998/,movie,6.9,100,2018,"Action, Comedy, Crime, Mystery, Thriller",198011,2018-02-15,"John Francis Daley, Jonathan Goldstein"
tt2788710,6,2020-03-22,The Interview,https://www.imdb.com/title/tt2788710/,movie,6.5,112,2014,"Action, Adventure, Comedy",301726,2014-12-11,"Evan Goldberg, Seth Rogen"
tt2798920,9,2018-02-24,Annihilation,https://www.imdb.com/title/tt2798920/,movie,6.8,115,2018,"Adventure, Drama, Horror, Mystery, Sci-Fi, Thriller",271008,2018-02-13,Alex Garland
tt2854926,5,2020-03-22,Tag,https://www.imdb.com/title/tt2854926/,movie,6.5,100,2018,"Action, Comedy",109058,2018-06-14,Jeff Tomsic
tt2872718,8,2017-10-18,Nightcrawler,https://www.imdb.com/title/tt2872718/,movie,7.9,117,2014,"Crime, Drama, Thriller",448540,2014-09-05,Dan Gilroy
tt2935510,9,2019-09-23,Ad Astra,https://www.imdb.com/title/tt2935510/,movie,6.6,123,2019,"Adventure, Drama, Mystery, Sci-Fi, Thriller",184680,2019-08-29,James Gray
tt0311289,8,2020-01-25,Holes,https://www.imdb.com/title/tt0311289/,movie,7.0,117,2003,"Adventure, Comedy, Drama, Family, Mystery",75782,2003-04-11,Andrew Davis
tt3165612,6,2020-06-04,Sleeping with Other People,https://www.imdb.com/title/tt3165612/,movie,6.5,101,2015,"Comedy, Drama, Romance",39625,2015-01-24,Leslye Headland
tt0319343,9,2018-07-10,Elf,https://www.imdb.com/title/tt0319343/,movie,6.9,97,2003,"Comedy, Family, Fantasy, Romance",211491,2003-10-09,Jon Favreau
tt3263904,7,2020-01-25,Sully,https://www.imdb.com/title/tt3263904/,movie,7.4,96,2016,"Biography, Drama",229434,2016-09-02,Clint Eastwood
tt0327056,7,2020-05-31,Mystic River,https://www.imdb.com/title/tt0327056/,movie,7.9,138,2003,"Crime, Drama, Mystery, Thriller",411143,2003-05-23,Clint Eastwood
tt3281548,9,2020-01-22,Little Women,https://www.imdb.com/title/tt3281548/,movie,7.8,135,2019,"Drama, Romance",121617,2019-12-07,Greta Gerwig
tt3317234,6,2020-04-20,"Game Over, Man!",https://www.imdb.com/title/tt3317234/,movie,5.4,101,2018,"Action, Comedy",25155,2018-03-21,Kyle Newacheck
tt3397884,7,2018-03-05,Sicario,https://www.imdb.com/title/tt3397884/,movie,7.6,121,2015,"Action, Crime, Drama, Mystery, Thriller",360235,2015-05-19,Denis Villeneuve
tt0343818,9,2018-12-24,"I, Robot",https://www.imdb.com/title/tt0343818/,movie,7.1,115,2004,"Action, Drama, Sci-Fi, Thriller",490726,2004-07-07,Alex Proyas
tt3464902,4,2020-03-29,The Lobster,https://www.imdb.com/title/tt3464902/,movie,7.2,119,2015,"Comedy, Drama, Romance, Sci-Fi, Thriller",209902,2015-05-15,Yorgos Lanthimos
tt0349903,8,2020-01-25,Ocean's Twelve,https://www.imdb.com/title/tt0349903/,movie,6.5,125,2004,"Crime, Thriller",351610,2004-12-08,Steven Soderbergh
tt3513548,7,2020-02-24,Richard Jewell,https://www.imdb.com/title/tt3513548/,movie,7.5,131,2019,"Biography, Crime, Drama",48065,2019-11-20,Clint Eastwood
tt3521126,9,2018-03-30,The Disaster Artist,https://www.imdb.com/title/tt3521126/,movie,7.4,104,2017,"Biography, Comedy, Drama",133325,2017-09-11,James Franco
tt3530002,6,2020-04-08,The Night Before,https://www.imdb.com/title/tt3530002/,movie,6.4,101,2015,"Comedy, Fantasy",63370,2015-11-20,Jonathan Levine
tt3532216,6,2020-01-25,American Made,https://www.imdb.com/title/tt3532216/,movie,7.2,115,2017,"Action, Biography, Comedy, Crime, Drama",153214,2017-08-23,Doug Liman
tt0360556,3,2020-02-24,Fahrenheit 451,https://www.imdb.com/title/tt0360556/,movie,4.9,100,2018,"Drama, Sci-Fi, Thriller",16855,2018-05-12,Ramin Bahrani
tt0361748,9,2019-10-11,Inglourious Basterds,https://www.imdb.com/title/tt0361748/,movie,8.3,153,2009,"Adventure, Drama, War",1228805,2009-05-20,Quentin Tarantino
tt0364725,5,2020-03-22,Dodgeball: A True Underdog Story,https://www.imdb.com/title/tt0364725/,movie,6.7,92,2004,"Comedy, Sport",225416,2004-06-18,Rawson Marshall Thurber
tt3659388,9,2018-04-11,The Martian,https://www.imdb.com/title/tt3659388/,movie,8.0,144,2015,"Adventure, Drama, Sci-Fi",740163,2015-09-11,Ridley Scott
tt0368226,2,2020-02-24,The Room,https://www.imdb.com/title/tt0368226/,movie,3.7,99,2003,Drama,80158,2003-06-27,Tommy Wiseau
tt0369441,5,2020-07-29,Fun with Dick and Jane,https://www.imdb.com/title/tt0369441/,movie,6.2,90,2005,"Comedy, Crime",132509,2005-12-21,Dean Parisot
tt0372784,8,2018-04-05,Batman Begins,https://www.imdb.com/title/tt0372784/,movie,8.2,140,2005,"Action, Adventure",1276915,2005-05-31,Christopher Nolan
tt0374900,4,2020-03-31,Napoleon Dynamite,https://www.imdb.com/title/tt0374900/,movie,6.9,96,2004,Comedy,194869,2004-01-17,Jared Hess
tt0375679,9,2020-04-22,Crash,https://www.imdb.com/title/tt0375679/,movie,7.7,112,2004,"Crime, Drama, Thriller",415024,2004-09-10,Paul Haggis
tt3783958,9,2020-01-25,La La Land,https://www.imdb.com/title/tt3783958/,movie,8.0,128,2016,"Comedy, Drama, Music, Musical, Romance",487633,2016-08-31,Damien Chazelle
tt3799694,10,2020-05-19,The Nice Guys,https://www.imdb.com/title/tt3799694/,movie,7.4,116,2016,"Action, Comedy, Crime, Mystery, Thriller",269807,2016-05-10,Shane Black
tt0384642,9,2020-02-24,Kicking & Screaming,https://www.imdb.com/title/tt0384642/,movie,5.6,95,2005,"Comedy, Family, Romance, Sport",35613,2005-05-01,Jesse Dylan
tt0038650,8,2020-04-24,It's a Wonderful Life,https://www.imdb.com/title/tt0038650/,movie,8.6,130,1946,"Drama, Family, Fantasy",388044,1946-12-20,Frank Capra
tt0386588,6,2020-03-25,Hitch,https://www.imdb.com/title/tt0386588/,movie,6.6,118,2005,"Comedy, Romance",291684,2005-02-10,Andy Tennant
tt3890160,9,2017-07-29,Baby Driver,https://www.imdb.com/title/tt3890160/,movie,7.6,113,2017,"Action, Crime, Drama, Music, Thriller",422004,2017-03-11,Edgar Wright
tt0390384,8,2018-03-11,Primer,https://www.imdb.com/title/tt0390384/,movie,6.9,77,2004,"Drama, Sci-Fi, Thriller",96132,2004-01-16,Shane Carruth
tt3960412,9,2020-03-22,Popstar: Never Stop Never Stopping,https://www.imdb.com/title/tt3960412/,movie,6.7,87,2016,"Comedy, Music",53067,2016-05-24,"Jorma Taccone, Akiva Schaffer"
tt0396269,6,2020-08-15,Wedding Crashers,https://www.imdb.com/title/tt0396269/,movie,6.9,119,2005,"Comedy, Romance",327722,2005-07-13,David Dobkin
tt0406375,5,2020-01-25,Zathura: A Space Adventure,https://www.imdb.com/title/tt0406375/,movie,6.2,101,2005,"Action, Adventure, Comedy, Drama, Family, Fantasy, Sci-Fi, Thriller",90869,2005-11-06,Jon Favreau
tt0407304,6,2020-03-07,War of the Worlds,https://www.imdb.com/title/tt0407304/,movie,6.5,116,2005,"Adventure, Sci-Fi, Thriller",408853,2005-06-13,Steven Spielberg
tt0407887,10,2020-04-25,The Departed,https://www.imdb.com/title/tt0407887/,movie,8.5,151,2006,"Crime, Drama, Thriller",1158763,2006-09-26,Martin Scorsese
tt4209788,9,2020-07-28,Molly's Game,https://www.imdb.com/title/tt4209788/,movie,7.4,140,2017,"Biography, Crime, Drama",133290,2017-09-08,Aaron Sorkin
tt0421715,8,2020-06-30,The Curious Case of Benjamin Button,https://www.imdb.com/title/tt0421715/,movie,7.8,166,2008,"Drama, Fantasy, Romance",575333,2008-12-10,David Fincher
tt0425061,7,2020-03-22,Get Smart,https://www.imdb.com/title/tt0425061/,movie,6.5,110,2008,"Action, Adventure, Comedy",200635,2008-06-19,Peter Segal
tt0425112,9,2020-01-25,Hot Fuzz,https://www.imdb.com/title/tt0425112/,movie,7.8,121,2007,"Action, Comedy, Mystery, Thriller",453845,2007-02-13,Edgar Wright
tt4276820,7,2020-03-16,The Founder,https://www.imdb.com/title/tt4276820/,movie,7.2,115,2016,"Biography, Drama",117059,2016-11-24,John Lee Hancock
tt0432283,9,2018-02-22,Fantastic Mr. Fox,https://www.imdb.com/title/tt0432283/,movie,7.9,87,2009,"Animation, Adventure, Comedy, Crime, Drama, Family",192890,2009-10-14,Wes Anderson
tt0443706,8,2018-03-14,Zodiac,https://www.imdb.com/title/tt0443706/,movie,7.7,157,2007,"Crime, Drama, Mystery, Thriller",443000,2007-02-28,David Fincher
tt0446029,8,2020-05-20,Scott Pilgrim vs. the World,https://www.imdb.com/title/tt0446029/,movie,7.5,112,2010,"Action, Comedy, Fantasy, Romance",368485,2010-07-27,Edgar Wright
tt0448157,5,2020-02-28,Hancock,https://www.imdb.com/title/tt0448157/,movie,6.4,92,2008,"Action, Fantasy",437158,2008-06-16,Peter Berg
tt4558376,3,2020-02-24,Downhill,https://www.imdb.com/title/tt4558376/,movie,4.8,86,2020,"Comedy, Drama",5490,2020-01-26,"Jim Rash, Nat Faxon"
tt0457510,8,2020-05-19,Nacho Libre,https://www.imdb.com/title/tt0457510/,movie,5.8,92,2006,"Comedy, Family, Sport",80133,2006-06-16,Jared Hess
tt4633694,9,2019-01-09,Spider-Man: Into the Spider-Verse,https://www.imdb.com/title/tt4633694/,movie,8.4,117,2018,"Animation, Action, Adventure, Family, Sci-Fi",334942,2018-12-06,"Bob Persichetti, Peter Ramsey, Rodney Rothman"
tt0465234,7,2020-04-16,National Treasure: Book of Secrets,https://www.imdb.com/title/tt0465234/,movie,6.5,124,2007,"Action, Adventure, Mystery, Thriller",215170,2007-12-13,Jon Turteltaub
tt0468569,10,2017-07-28,The Dark Knight,https://www.imdb.com/title/tt0468569/,movie,9.0,152,2008,"Action, Crime, Drama, Thriller",2239296,2008-07-14,Christopher Nolan
tt0469494,7,2020-06-17,There Will Be Blood,https://www.imdb.com/title/tt0469494/,movie,8.2,158,2007,Drama,502503,2007-09-27,Paul Thomas Anderson
tt0475290,5,2020-04-19,"Hail, Caesar!",https://www.imdb.com/title/tt0475290/,movie,6.3,106,2016,"Comedy, Drama, Music, Mystery",121376,2016-02-01,"Joel Coen, Ethan Coen"
tt0478311,5,2020-03-22,Knocked Up,https://www.imdb.com/title/tt0478311/,movie,6.9,129,2007,"Comedy, Romance",345585,2007-03-12,Judd Apatow
tt0482571,9,2017-08-26,The Prestige,https://www.imdb.com/title/tt0482571/,movie,8.5,130,2006,"Drama, Mystery, Sci-Fi, Thriller",1154281,2006-10-17,Christopher Nolan
tt4846232,9,2020-01-24,Good Time,https://www.imdb.com/title/tt4846232/,movie,7.4,102,2017,"Crime, Drama, Thriller",79737,2017-05-25,"Benny Safdie, Josh Safdie"
tt0493405,4,2020-03-22,CHIPS,https://www.imdb.com/title/tt0493405/,movie,6.0,100,2017,"Action, Comedy, Crime",41569,2017-03-23,Dax Shepard
tt0496806,7,2020-01-25,Ocean's Thirteen,https://www.imdb.com/title/tt0496806/,movie,6.9,122,2007,"Action, Crime, Thriller",314856,2007-05-24,Steven Soderbergh
tt4972582,6,2020-04-26,Split,https://www.imdb.com/title/tt4972582/,movie,7.3,117,2016,"Horror, Thriller",407884,2016-09-26,M. Night Shyamalan
tt0499549,8,2019-12-19,Avatar,https://www.imdb.com/title/tt0499549/,movie,7.8,162,2009,"Action, Adventure, Fantasy, Sci-Fi",1100678,2009-12-10,James Cameron
tt5013056,8,2020-01-25,Dunkirk,https://www.imdb.com/title/tt5013056/,movie,7.9,106,2017,"Action, Drama, History, Thriller, War",529942,2017-07-13,Christopher Nolan
tt5052448,8,2017-07-29,Get Out,https://www.imdb.com/title/tt5052448/,movie,7.7,104,2017,"Horror, Mystery, Thriller",471666,2017-01-23,Jordan Peele
tt5073642,1,2020-02-24,Color Out of Space,https://www.imdb.com/title/tt5073642/,movie,6.2,111,2019,"Horror, Mystery, Sci-Fi",24379,2019-09-07,Richard Stanley
tt5096470,3,2020-04-15,Love Wedding Repeat,https://www.imdb.com/title/tt5096470/,movie,5.5,100,2020,"Comedy, Romance",15464,2020-04-10,Dean Craig
tt5104604,9,2018-04-01,Isle of Dogs,https://www.imdb.com/title/tt5104604/,movie,7.9,101,2018,"Animation, Adventure, Comedy, Drama, Fantasy, Sci-Fi",132611,2018-02-15,Wes Anderson
tt5155780,7,2020-04-19,The Discovery,https://www.imdb.com/title/tt5155780/,movie,6.3,102,2017,"Drama, Romance, Sci-Fi, Thriller",28517,2017-01-20,Charlie McDowell
tt5439796,10,2017-11-24,Logan Lucky,https://www.imdb.com/title/tt5439796/,movie,7.0,118,2017,"Comedy, Crime, Drama",124213,2017-08-07,Steven Soderbergh
tt5442430,6,2020-04-27,Life,https://www.imdb.com/title/tt5442430/,movie,6.6,104,2017,"Horror, Sci-Fi, Thriller",202110,2017-03-18,Daniel Espinosa
tt5462602,7,2018-07-04,The Big Sick,https://www.imdb.com/title/tt5462602/,movie,7.5,120,2017,"Comedy, Drama, Romance",117389,2017-01-20,Michael Showalter
tt5688932,8,2018-11-09,Sorry to Bother You,https://www.imdb.com/title/tt5688932/,movie,6.9,112,2018,"Comedy, Fantasy, Sci-Fi",57613,2018-01-20,Boots Riley
tt5727208,10,2019-12-27,Uncut Gems,https://www.imdb.com/title/tt5727208/,movie,7.4,135,2019,"Crime, Drama, Thriller",198177,2019-08-30,"Benny Safdie, Josh Safdie"
tt5783956,5,2020-06-15,When We First Met,https://www.imdb.com/title/tt5783956/,movie,6.4,97,2018,"Comedy, Fantasy, Romance",40718,2018-02-09,Ari Sandel
tt5865326,4,2020-04-16,The Laundromat,https://www.imdb.com/title/tt5865326/,movie,6.3,95,2019,"Comedy, Crime, Drama, History",40769,2019-09-01,Steven Soderbergh
tt6266538,8,2018-12-26,Vice,https://www.imdb.com/title/tt6266538/,movie,7.2,132,2018,"Biography, Comedy, Drama",112904,2018-12-12,Adam McKay
tt6394270,7,2020-01-03,Bombshell,https://www.imdb.com/title/tt6394270/,movie,6.8,109,2019,"Biography, Drama",68963,2019-12-13,Jay Roach
tt6751668,10,2020-01-13,Gisaengchung,https://www.imdb.com/title/tt6751668/,movie,8.6,132,2019,"Comedy, Drama, Thriller",467833,2019-05-21,Bong Joon Ho
tt6823368,6,2020-05-18,Glass,https://www.imdb.com/title/tt6823368/,movie,6.7,129,2019,"Drama, Sci-Fi, Thriller",197559,2019-01-07,M. Night Shyamalan
tt6857112,6,2019-07-04,Us,https://www.imdb.com/title/tt6857112/,movie,6.9,116,2019,"Horror, Mystery, Thriller",209476,2019-03-08,Jordan Peele
tt6866224,6,2020-01-25,The Hummingbird Project,https://www.imdb.com/title/tt6866224/,movie,6.2,111,2018,"Drama, Thriller",10440,2018-09-08,Kim Nguyen
tt6966692,9,2019-03-14,Green Book,https://www.imdb.com/title/tt6966692/,movie,8.2,130,2018,"Biography, Comedy, Drama, Music",340917,2018-09-11,Peter Farrelly
tt7040874,4,2020-04-01,A Simple Favor,https://www.imdb.com/title/tt7040874/,movie,6.8,117,2018,"Comedy, Crime, Drama, Mystery, Thriller",119136,2018-09-10,Paul Feig
tt7131622,10,2019-08-03,Once Upon a Time... in Hollywood,https://www.imdb.com/title/tt7131622/,movie,7.6,161,2019,"Comedy, Drama",505197,2019-05-21,Quentin Tarantino
tt7286456,6,2019-10-04,Joker,https://www.imdb.com/title/tt7286456/,movie,8.5,122,2019,"Crime, Drama, Thriller",850601,2019-08-31,Todd Phillips
tt7343762,5,2020-04-15,Good Boys,https://www.imdb.com/title/tt7343762/,movie,6.7,90,2019,"Adventure, Comedy",55713,2019-03-11,Gene Stupnitsky
tt7349662,8,2018-09-03,BlacKkKlansman,https://www.imdb.com/title/tt7349662/,movie,7.5,135,2018,"Biography, Crime, Drama",206095,2018-05-14,Spike Lee
tt0075314,5,2020-05-14,Taxi Driver,https://www.imdb.com/title/tt0075314/,movie,8.3,114,1976,"Crime, Drama",702696,1976-02-08,Martin Scorsese
tt7653254,9,2020-01-25,Marriage Story,https://www.imdb.com/title/tt7653254/,movie,8.0,137,2019,"Comedy, Drama, Romance",226609,2019-08-29,Noah Baumbach
tt7713068,6,2020-02-24,Birds of Prey: And the Fantabulous Emancipation of One Harley Quinn,https://www.imdb.com/title/tt7713068/,movie,6.1,109,2020,"Action, Adventure, Crime",135474,2020-01-25,Cathy Yan
tt7775622,8,2019-07-09,Free Solo,https://www.imdb.com/title/tt7775622/,movie,8.2,100,2018,"Documentary, Adventure, Sport",50682,2018-08-31,"Jimmy Chin, Elizabeth Chai Vasarhelyi"
tt0780504,5,2020-03-14,Drive,https://www.imdb.com/title/tt0780504/,movie,7.8,100,2011,"Crime, Drama",558309,2011-05-20,Nicolas Winding Refn
tt0787475,6,2020-03-22,Hot Rod,https://www.imdb.com/title/tt0787475/,movie,6.7,88,2007,"Comedy, Sport",75650,2007-08-03,Akiva Schaffer
tt0790636,7,2020-03-26,Dallas Buyers Club,https://www.imdb.com/title/tt0790636/,movie,8.0,117,2013,"Biography, Drama",429837,2013-09-07,Jean-Marc Vallée
tt7975244,7,2020-01-25,Jumanji: The Next Level,https://www.imdb.com/title/tt7975244/,movie,6.7,123,2019,"Action, Adventure, Comedy, Fantasy",167270,2019-12-04,Jake Kasdan
tt0799934,8,2019-12-09,Be Kind Rewind,https://www.imdb.com/title/tt0799934/,movie,6.4,102,2008,Comedy,87869,2008-01-20,Michel Gondry
tt0800039,9,2020-03-22,Forgetting Sarah Marshall,https://www.imdb.com/title/tt0800039/,movie,7.1,111,2008,"Comedy, Drama, Romance",259154,2008-03-10,Nicholas Stoller
tt8079248,8,2020-01-25,Yesterday,https://www.imdb.com/title/tt8079248/,movie,6.8,116,2019,"Comedy, Fantasy, Music, Romance",104838,2019-05-04,Danny Boyle
tt0815236,6,2020-07-03,She's Out of My League,https://www.imdb.com/title/tt0815236/,movie,6.4,104,2010,"Comedy, Romance",124674,2010-03-11,Jim Field Smith
tt0816692,7,2020-01-25,Interstellar,https://www.imdb.com/title/tt0816692/,movie,8.6,169,2014,"Adventure, Drama, Sci-Fi, Thriller",1446744,2014-10-26,Christopher Nolan
tt0816711,7,2017-08-10,World War Z,https://www.imdb.com/title/tt0816711/,movie,7.0,116,2013,"Action, Adventure, Horror, Sci-Fi",589809,2013-06-02,Marc Forster
tt0829482,7,2020-03-22,Superbad,https://www.imdb.com/title/tt0829482/,movie,7.6,113,2007,Comedy,511171,2007-08-17,Greg Mottola
tt0083658,5,2020-03-15,Blade Runner,https://www.imdb.com/title/tt0083658/,movie,8.1,117,1982,"Action, Sci-Fi, Thriller",677538,1982-06-25,Ridley Scott
tt8367814,9,2020-01-27,The Gentlemen,https://www.imdb.com/title/tt8367814/,movie,7.9,113,2019,"Action, Comedy, Crime",177317,2019-12-03,Guy Ritchie
tt0838283,7,2020-03-22,Step Brothers,https://www.imdb.com/title/tt0838283/,movie,6.9,98,2008,Comedy,262967,2008-07-25,Adam McKay
tt0840361,9,2019-08-04,The Town,https://www.imdb.com/title/tt0840361/,movie,7.5,125,2010,"Crime, Drama, Thriller",344701,2010-09-08,Ben Affleck
tt8579674,10,2020-01-11,1917,https://www.imdb.com/title/tt8579674/,movie,8.3,119,2019,"Drama, War",360790,2019-12-04,Sam Mendes
tt0086567,7,2020-04-14,WarGames,https://www.imdb.com/title/tt0086567/,movie,7.1,114,1983,"Action, Adventure, Drama, Sci-Fi, Thriller",88433,1983-05-19,John Badham
tt0871426,6,2020-07-28,Baby Mama,https://www.imdb.com/title/tt0871426/,movie,6.0,99,2008,"Comedy, Romance",41688,2008-04-23,Michael McCullers
tt8722346,8,2019-12-13,Queen & Slim,https://www.imdb.com/title/tt8722346/,movie,7.1,132,2019,"Crime, Drama, Romance",18574,2019-11-14,Melina Matsoukas
tt0878804,7,2020-05-05,The Blind Side,https://www.imdb.com/title/tt0878804/,movie,7.6,129,2009,"Biography, Drama, Sport",285832,2009-11-17,John Lee Hancock
tt8851668,3,2020-05-25,The Lovebirds,https://www.imdb.com/title/tt8851668/,movie,6.0,86,2020,"Action, Comedy, Crime, Mystery, Romance, Thriller",17969,2020-05-22,Michael Showalter
tt0088763,8,2020-01-25,Back to the Future,https://www.imdb.com/title/tt0088763/,movie,8.5,116,1985,"Adventure, Comedy, Sci-Fi",1026439,1985-07-03,Robert Zemeckis
tt0089155,6,2020-06-20,Fletch,https://www.imdb.com/title/tt0089155/,movie,6.9,98,1985,"Comedy, Crime, Mystery",46655,1985-05-31,Michael Ritchie
tt8936646,4,2020-05-09,Extraction,https://www.imdb.com/title/tt8936646/,movie,6.7,116,2020,"Action, Thriller",140884,2020-04-24,Sam Hargrave
tt8946378,10,2019-11-28,Knives Out,https://www.imdb.com/title/tt8946378/,movie,7.9,130,2019,"Comedy, Crime, Drama, Mystery, Thriller",374258,2019-09-07,Rian Johnson
tt0091042,8,2020-03-30,Ferris Bueller's Day Off,https://www.imdb.com/title/tt0091042/,movie,7.8,103,1986,Comedy,313623,1986-06-11,John Hughes
tt0910936,9,2020-03-22,Pineapple Express,https://www.imdb.com/title/tt0910936/,movie,6.9,111,2008,"Action, Comedy, Crime",310782,2008-07-31,David Gordon Green
tt9243946,9,2020-01-26,El Camino: A Breaking Bad Movie,https://www.imdb.com/title/tt9243946/,movie,7.3,122,2019,"Action, Crime, Drama",171752,2019-10-11,Vince Gilligan
tt9261218,6,2020-04-01,Uncorked,https://www.imdb.com/title/tt9261218/,movie,6.2,104,2020,Drama,3577,2020-03-27,Prentice Penny
tt0093779,8,2020-01-25,The Princess Bride,https://www.imdb.com/title/tt0093779/,movie,8.1,98,1987,"Adventure, Family, Fantasy, Romance",384985,1987-09-18,Rob Reiner
tt9398640,4,2020-03-22,Between Two Ferns: The Movie,https://www.imdb.com/title/tt9398640/,movie,6.1,82,2019,Comedy,24788,2019-09-20,Scott Aukerman
tt0942385,8,2017-08-24,Tropic Thunder,https://www.imdb.com/title/tt0942385/,movie,7.0,107,2008,"Action, Comedy, War",371739,2008-08-11,Ben Stiller
tt0945513,7,2018-04-19,Source Code,https://www.imdb.com/title/tt0945513/,movie,7.5,93,2011,"Action, Drama, Mystery, Sci-Fi, Thriller",476497,2011-03-11,Duncan Jones
tt9484998,10,2020-07-11,Palm Springs,https://www.imdb.com/title/tt9484998/,movie,7.4,90,2020,"Comedy, Fantasy, Mystery, Romance",43122,2020-01-26,Max Barbakow
tt0095016,8,2020-03-30,Die Hard,https://www.imdb.com/title/tt0095016/,movie,8.2,132,1988,"Action, Thriller",767482,1988-07-12,John McTiernan
tt9686708,6,2020-06-24,The King of Staten Island,https://www.imdb.com/title/tt9686708/,movie,7.1,136,2020,"Comedy, Drama",20905,2020-06-12,Judd Apatow
tt0988045,4,2020-04-27,Sherlock Holmes,https://www.imdb.com/title/tt0988045/,movie,7.6,128,2009,"Action, Adventure, Mystery",573798,2009-12-14,Guy Ritchie
tt0990407,7,2019-12-19,The Green Hornet,https://www.imdb.com/title/tt0990407/,movie,5.8,119,2011,"Action, Comedy, Crime",153703,2011-01-12,Michel Gondry
tt0993846,8,2017-08-28,The Wolf of Wall Street,https://www.imdb.com/title/tt0993846/,movie,8.2,180,2013,"Biography, Crime, Drama",1140246,2013-12-09,Martin Scorsese
tt0099685,8,2019-12-01,Goodfellas,https://www.imdb.com/title/tt0099685/,movie,8.7,146,1990,"Biography, Crime, Drama",990622,1990-09-09,Martin Scorsese
